<?xml version="1.0" encoding="UTF-8"?>
<!DOCTYPE mapper
  PUBLIC "-//mybatis.org//DTD Mapper 3.0//EN"
  "http://mybatis.org/dtd/mybatis-3-mapper.dtd">
<mapper namespace="memberMapper">
	<!-- 게시판 글 작성 -->
	<insert id="register">
	    INSERT INTO MP_MEMBER(   USERID 
	   					       , USERPASS 
	   					       , USERNAME
	   					       , USERMAIL
	   					       , USERGENDER 	)
	                  VALUES(    #{userId} 
	                 		   , #{userPass}
	                 		   , #{userName}
	                 		   , #{userMail}
	                 		   , #{userGender})
    </insert>
     <!-- 로그인 -->
	<select id="login" resultType="kr.co.vo.MemberVO">
		SELECT USERID, USERPASS ,USERNAME , adminChk
		  FROM MP_MEMBER
		 WHERE USERID = #{userId}
		   AND USERPASS = #{userPass}   
	</select>
	
	<!-- 회원정보 수정 -->
	<update id="memberUpdate">
		UPDATE MP_MEMBER SET
		USERPASS = #{userPass},
		USERNAME = #{userName}
		WHERE USERID = #{userId}
	</update>
	
	<!-- 회원탈퇴 -->
	<delete id="memberDelete">
		DELETE FROM MP_MEMBER
		WHERE USERID = #{userId}
		AND USERPASS = #{userPass}
	</delete>
	
	<!-- 패스워드 체크 -->
	<select id ="passChk" resultType="int">
		SELECT COUNT(*) FROM MP_MEMBER
		WHERE USERID = #{userId}
			AND USERPASS = #{userPass}
	</select>
	
	<!--아이디 중복 체크 -->
	<select id ="idChk" resultType="int">
		SELECT COUNT(*) FROM MP_MEMBER
		WHERE USERID = #{userId}
	</select>
	
		<select id="listPage" resultType="kr.co.vo.MemberVO">
		select MNO
				,USERID
			     , USERPASS 
	   			 , USERNAME
	   			 , USERMAIL
	   			, USERGENDER
	   			, REGDATE
	   	FROM (
	   			select MNO
	   			,	USERID
			     , USERPASS 
	   			 , USERNAME
	   			 , USERMAIL
	   			, USERGENDER
	   			, REGDATE ,
	   			ROW_NUMBER() OVER(ORDER BY MNO DESC) AS RNUM
	   			FROM MP_MEMBER
	   							) MP
	   	WHERE RNUM BETWEEN #{rowStart} AND #{rowEnd}
	   	ORDER BY MNO DESC
	
	</select>
	<!-- 관리자 회원목록 -->
		<select id="listMembers" resultType="kr.co.vo.MemberVO">
		select * from mp_member
	
	</select>
	
	<select id="read" parameterType="int" resultType="kr.co.vo.MemberVO">
		select * from mp_member
		where MNO = #{mno}
	</select>
	
	<select id="Count"  resultType="int">
	<![CDATA[
		select count(mno)  
		from mp_member
		where mno >0
	]]>	
	</select>
	
	<delete id="adminmemberDelete">
		DELETE FROM MP_MEMBER
		WHERE USERID = #{userId}
		
	</delete>
</mapper>