{
  "spot": [
    {
      "id": 1,
      "img": "img/map/1-1.jpg",
      "name": "한라산",
      "loc_x": 33.36213175808993,
      "loc_y": 126.52920948558246,
      "content": "대한민국에서 가장 큰 섬인 제주도에 있으며 대한민국의 실효지배 영토 내의 최고봉이자 가장 높은 산(해발 1,947m) 대한민국의 국립공원 중 하나이다.",
      "area": "제주"
    },
    {
      "id": 2,
      "img": "img/map/1-2.jpg",
      "name": "정방폭포",
      "loc_x": 33.24502256586933,
      "loc_y": 126.57180319809646,
      "content": "정방폭포(正房瀑布)는 대한민국 제주특별자치도 서귀포시 (동홍동) 중심가에서 1.5km 동남쪽에 있는 동양 최대의 폭포이다.",
      "area": "제주"
    },
    {
      "id": 3,
      "img": "img/map/1-3.jpg",
      "name": "비자림",
      "loc_x": 33.48445989379554,
      "loc_y": 126.80640419625118,
      "content": "천연기념물로 지정보호하고 있는 비자림은 448,165㎡의 면적에 500∼800년생 비자나무 2,800여 그루가 밀집하여 자생되고 있다.",
      "area": "제주"
    },
    {
      "id": 4,
      "img": "img/map/1-4.jpg",
      "name": "성산일출봉",
      "loc_x": 33.45810108798425,
      "loc_y": 126.94250117661286,
      "content": "제주도가 만들어진 시기인 신생대 제4기 플라이스토세[2]에 단성화산인 오름과는 달리 유일하게 현무암질 마그마가 얕은 바닷속에서 분출하여 만들어진 수성화산의 일종인 응회구[3]이자 섯시형[4] 화산체이다.",
      "area": "제주"
    },
    {
      "id": 5,
      "img": "img/map/1-5.jpg",
      "name": "섭지코지",
      "loc_x": 33.42475229719736,
      "loc_y": 126.93122691830743,
      "content": "제주특별자치도 서귀포시 성산읍 고성리에 있는 해안 지형. 섭지란 재사(才士)가 많이 배출되는 지세란 뜻이며 코지는 곶을 뜻하는 제주어로, 본래는 섭지코지는 반도 끄트머리의 해안 절벽만을 가리킨다.",
      "area": "제주"
    },
    {
      "id": 6,
      "img": "img/map/1-6.jpg",
      "name": "이중섭 미술관",
      "loc_x": 33.24592103603123,
      "loc_y": 126.5649399980965,
      "content": "화가 이중섭의 생전 거주지를 복원해 그의 작품을 전시한 미술관입니다.",
      "area": "제주"
    },
    {
      "id": 7,
      "img": "img/map/1-7.jpg",
      "name": "용두암",
      "loc_x": 33.51637539977445,
      "loc_y": 126.51210661344531,
      "content": "용두암(龍頭岩)은 제주특별자치도 제주시 용담2동 용담로터리 인근 바닷가에 위치하는 높이 10m가량의 화산암이다. 한자 그대로 바위의 모습이 용의 머리와 닮았다 하여 용두암이라고 한다. ",
      "area": "제주"
    },
    {
      "id": 8,
      "img": "img/map/1-8.jpg",
      "name": "협재해수욕장",
      "loc_x": 33.39432948352373,
      "loc_y": 126.23997606926378,
      "content": "한림읍 서해안 지대에 위치하며 조개껍질이 많이 섞인 은모래가 펼쳐지는데, 수심이 얕고 경사가 완만하기 때문에 수영 초보자에게도 알맞은 해수욕장이다. 각종 시설이 마련되어 있고 전복 ·소라 등 해산물이 많이 잡히며 주위에 송림과 잔디가 있어 캠핑하기에도 적당하다.",
      "area": "제주"
    },
    {
      "id": 9,
      "img": "img/map/1-9.jpg",
      "name": "카멜리아힐",
      "loc_x": 33.28911036956985,
      "loc_y": 126.37012792693316,
      "content": "1979년에 개장한 200,000m² 규모의 수목원으로 수많은 동백과 다양한 식물 종을 볼 수 있으며 연중무휴입니다.",
      "area": "제주"
    },
    {
      "id": 10,
      "img": "img/map/1-10.jpg",
      "name": "주상절리",
      "loc_x": 33.2384356909298,
      "loc_y": 126.42499610976033,
      "content": "우뚝 솟은 절벽은 각진 바위 화산 기둥들로 형성되었으며 국가적인 기념물로 지정되었습니다.",
      "area": "제주"
    }
  ]
}