{
  "restaurant": [
    {
      "id": 1,
      "img": "img/map/2-1.jpg",
      "name": "오는정김밥",
      "loc_x": 33.24972086701875,
      "loc_y": 126.56777185576804,
      "content": "김밥집",
      "area": "제주"
    },
    {
      "id": 2,
      "img": "img/map/2-2.jpg",
      "name": "연돈",
      "loc_x": 33.25906490993525,
      "loc_y": 126.40721716926095,
      "content": "돈까스집",
      "area": "제주"
    },
    {
      "id": 3,
      "img": "img/map/2-3.jpg",
      "name": "한치앞도모를바다",
      "loc_x": 33.394717785742536,
      "loc_y": 126.24251915577142,
      "content": "떡볶이집"
    },
    {
      "id": 4,
      "img": "img/map/2-4.jpg",
      "name": "자매국수",
      "loc_x": 33.516926874428,
      "loc_y": 126.51709512693796,
      "content": "국수집",
      "area": "제주"
    },
    {
      "id": 5,
      "img": "img/map/2-5.jpg",
      "name": "경미네집",
      "loc_x": 33.46137228946208,
      "loc_y": 126.93353211344412,
      "content": "라면집",
      "area": "제주"
    },
    {
      "id": 6,
      "img": "img/map/2-6.jpg",
      "name": "딜레랑트",
      "loc_x": 33.535200568618144,
      "loc_y": 126.62829108275943,
      "content": "커피숍",
      "area": "제주"
    },
    {
      "id": 7,
      "img": "img/map/2-7.jpg",
      "name": "유동커피",
      "loc_x": 33.24460722900807,
      "loc_y": 126.5638991980963,
      "content": "커피숍 ",
      "area": "제주"
    },
    {
      "id": 8,
      "img": "img/map/2-8.jpg",
      "name": "꽃향유",
      "loc_x": 33.457055895702,
      "loc_y": 126.34761485577249,
      "content": "커피숍",
      "area": "제주"
    },
    {
      "id": 9,
      "img": "img/map/2-9.jpg",
      "name": "원앤온리",
      "loc_x": 33.239400476836025,
      "loc_y": 126.3192835692605,
      "content": "커피숍",
      "area": "제주"
    },
    {
      "id": 10,
      "img": "img/map/2-10.jpg",
      "name": "몽상드애월",
      "loc_x": 33.463013886174934,
      "loc_y": 126.3092960692653,
      "content": "커피숍",
      "area": "제주"
    }
  ]
}