{
  "hotel": [
    {
      "id": 1,
      "img": "img/map/3-1.jpg",
      "name": "메리어트관 제주신화월드 호텔앤리조트",
      "loc_x": 33.30770724409396,
      "loc_y": 126.317627969262,
      "content": "리조트",
      "area": "제주"
    },
    {
      "id": 2,
      "img": "img/map/3-2.jpg",
      "name": "블랙스톤 리조트",
      "loc_x": 33.33646842375781,
      "loc_y": 126.31083379809843,
      "content": "리조트",
      "area": "제주"
    },
    {
      "id": 3,
      "img": "img/map/3-3.jpg",
      "name": "다인리조트",
      "loc_x": 33.47176772133036,
      "loc_y": 126.35131484042974,
      "content": "리조트",
      "area":"제주"
    },
    {
      "id": 4,
      "img": "img/map/3-4.jpg",
      "name": "신라호텔 제주",
      "loc_x": 33.24747415137728,
      "loc_y": 126.40822147706183,
      "content": "호텔",
      "area": "제주"
    },
    {
      "id": 5,
      "img": "img/map/3-5.jpg",
      "name": "호텔 더본 제주",
      "loc_x": 33.25970798023986,
      "loc_y": 126.40603859809667,
      "content": "호텔",
      "area": "제주"
    },
    {
      "id": 6,
      "img": "img/map/3-6.jpg",
      "name": "호텔 토스카나",
      "loc_x": 33.26560534254647,
      "loc_y": 126.48429262693259,
      "content": "호텔",
      "area": "제주"
    },
    {
      "id": 7,
      "img": "img/map/3-7.jpg",
      "name": "호텔 빠레브",
      "loc_x": 33.25246089066055,
      "loc_y": 126.50669129809658,
      "content": "호텔",
      "area": "제주"
    },
    {
      "id": 8,
      "img": "img/map/3-8.jpg",
      "name": "게스트 하우스 낯가림",
      "loc_x": 33.464156484758924,
      "loc_y": 126.32101296926525,
      "content": "게스트하우스",
      "area": "제주"
    },
    {
      "id": 9,
      "img": "img/map/3-9.jpg",
      "name": "게스트 하우스 한담누리",
      "loc_x": 33.45912589788128,
      "loc_y": 126.3120644692652,
      "content": "게스트하우스",
      "area": "제주"
    },
    {
      "id": 10,
      "img": "img/map/3-10.jpg",
      "name": "몽상드애월",
      "loc_x": 33.44899695925586,
      "loc_y": 126.30424786926494,
      "content": "게스트하우스",
      "area": "제주"
    }
  ]
}