<?xml version="1.0" encoding="UTF-8"?>
<beans xmlns="http://www.springframework.org/schema/beans"
	xmlns:xsi="http://www.w3.org/2001/XMLSchema-instance"
	xmlns:context="http://www.springframework.org/schema/context"
	xmlns:jdbc="http://www.springframework.org/schema/jdbc"
	xmlns:mybatis-spring="http://mybatis.org/schema/mybatis-spring"
	xmlns:tx="http://www.springframework.org/schema/tx"
	xsi:schemaLocation="http://www.springframework.org/schema/jdbc http://www.springframework.org/schema/jdbc/spring-jdbc-3.1.xsd
		http://mybatis.org/schema/mybatis-spring http://mybatis.org/schema/mybatis-spring-1.2.xsd
		http://www.springframework.org/schema/beans https://www.springframework.org/schema/beans/spring-beans.xsd
		http://www.springframework.org/schema/context http://www.springframework.org/schema/context/spring-context-3.1.xsd
		http://www.springframework.org/schema/tx http://www.springframework.org/schema/tx/spring-tx-3.1.xsd">
	
	<!-- Root Context: defines shared resources visible to all other web components -->
	
  <!-- 오라클 접속 -->
    <bean class="org.springframework.jdbc.datasource.DriverManagerDataSource" id="dataSource">
        <property name="driverClassName" value="net.sf.log4jdbc.sql.jdbcapi.DriverSpy"></property>
        <property name="url" value="jdbc:log4jdbc:mysql://localhost:3306/exam?serverTimezone=Asia/Seoul"></property>
        <property name="username" value="jspexam"/>
        <property name="password" value="jsppw"/>
    </bean>
   
    <!-- Mybatis 연동 -->
    <bean id="sqlSessionFactory" class="org.mybatis.spring.SqlSessionFactoryBean">
         <property name="dataSource" ref="dataSource"></property>
         <property name="configLocation" value="classpath:/mybatis-config.xml"></property>
         <property name="mapperLocations" value="classpath:mappers/**/*Mapper.xml"/>
    </bean>
    <bean id="sqlSession" class="org.mybatis.spring.SqlSessionTemplate" destroy-method="clearCache">
        <constructor-arg name="sqlSessionFactory" ref="sqlSessionFactory"></constructor-arg>
    </bean>
    <bean id="transactionManager" class="org.springframework.jdbc.datasource.DataSourceTransactionManager">
    	<property name="dataSource" ref="dataSource"></property>
	</bean>
<!-- navermail설정 -->
<bean id="mailSender" class="org.springframework.mail.javamail.JavaMailSenderImpl"> 
 <property name="host" value="smtp.naver.com"/> <!-- 메이서버 호스트 -->
 <property name="port" value="587"/> <!-- 메이서버 포트번호 -->
 <property name="username" value="legotravel"/> <!-- 자신의 이메일 아이디 -->
 <property name="password" value="Destination91"/><!-- 자신의 비밀번호 -->
 <property name="protocol" value="smtp"/> 
 <property name="defaultEncoding" value="UTF-8"/>
   <!-- 보안연결 SSL과 관련된 설정 -->
 <property name="javaMailProperties">
  <props>
  <prop key="mail.smtp.auth">true</prop>
  <prop key="mail.smtp.starttls.enable">true</prop>
  <prop key="mail.smtp.checkserveridentity">true</prop>
  <prop key="mail.smtp.ssl.enable">false</prop>
  <prop key="mail.smtp.ssl.trust">smtp.naver.com</prop>
  <prop key="mail.debug">true</prop>
  <prop key="mail.smtp.socketFactory.class">javax.net.ssl.SSLSocketFactory</prop>
  </props>
 </property>
</bean>
    <tx:annotation-driven transaction-manager="transactionManager" />
    
    <!-- scan -->
    <context:component-scan base-package="kr.co.service"></context:component-scan>
    <context:component-scan base-package="kr.co.dao"></context:component-scan>
    <context:component-scan base-package="kr.co.vo"></context:component-scan>
</beans>
