<?xml version="1.0" encoding="UTF-8"?>
<!DOCTYPE mapper
  PUBLIC "-//mybatis.org//DTD Mapper 3.0//EN"
  "http://mybatis.org/dtd/mybatis-3-mapper.dtd">
<mapper namespace="adminMapper">

<!--오늘가입한 회원수 -->
<select resultType="int" id="Ddaymember">
select count(*) from mp_member where regDate = curdate()
</select>
<!-- 전체 회원수 -->
<select resultType="int" id="Countmember">
select count(*) from mp_member
</select>
<!-- 오늘 작성된 후기 -->
<select resultType="int" id="Ddayboard">
select count(*) from mp_board where regDate = curdate()
</select>
<!-- 전체 후기 수 -->
<select resultType="int" id="Countboard">
select count(*) from mp_board
</select>

</mapper>